mysql> EXPLAIN SELECT id, first_name, sur_name, age, sex, city FROM user_info WHERE first_name LIKE "Aden%" AND sur_name LIKE "a%";
+----+-------------+-----------+------------+------+---------------+------+---------+------+--------+----------+-------------+
| id | select_type | table     | partitions | type | possible_keys | key  | key_len | ref  | rows   | filtered | Extra       |
+----+-------------+-----------+------------+------+---------------+------+---------+------+--------+----------+-------------+
|  1 | SIMPLE      | user_info | NULL       | ALL  | NULL          | NULL | NULL    | NULL | 956994 |     1.23 | Using where |
+----+-------------+-----------+------------+------+---------------+------+---------+------+--------+----------+-------------+
1 row in set, 1 warning (0.01 sec)

mysql> EXPLAIN FORMAT=JSON SELECT id, first_name, sur_name, age, sex, city FROM user_info WHERE first_name LIKE "Aden%" AND sur_name LIKE "a%";
+-----------------------------------------------------------------------------------------------------------------------------------------------------------------------------------------------------------------------------------------------------------------------------------------------------------------------------------------------------------------------------------------------------------------------------------------------------------------------------------------------------------------------------------------------------------------------------------------------------------------------------------------------------------------------------------------------------------------------------------------+
| EXPLAIN                                                                                                                                                                                                                                                                                                                                                                                                                                                                                                                                                                                                                                                                                                                                 |
+-----------------------------------------------------------------------------------------------------------------------------------------------------------------------------------------------------------------------------------------------------------------------------------------------------------------------------------------------------------------------------------------------------------------------------------------------------------------------------------------------------------------------------------------------------------------------------------------------------------------------------------------------------------------------------------------------------------------------------------------+
| {
  "query_block": {
    "select_id": 1,
    "cost_info": {
      "query_cost": "96781.15"
    },
    "table": {
      "table_name": "user_info",
      "access_type": "ALL",
      "rows_examined_per_scan": 956994,
      "rows_produced_per_join": 11812,
      "filtered": "1.23",
      "cost_info": {
        "read_cost": "95599.91",
        "eval_cost": "1181.24",
        "prefix_cost": "96781.15",
        "data_read_per_join": "13M"
      },
      "used_columns": [
        "id",
        "first_name",
        "sur_name",
        "age",
        "sex",
        "city"
      ],
      "attached_condition": "((`db`.`user_info`.`first_name` like 'Aden%') and (`db`.`user_info`.`sur_name` like 'a%'))"
    }
  }
} |
+-----------------------------------------------------------------------------------------------------------------------------------------------------------------------------------------------------------------------------------------------------------------------------------------------------------------------------------------------------------------------------------------------------------------------------------------------------------------------------------------------------------------------------------------------------------------------------------------------------------------------------------------------------------------------------------------------------------------------------------------+
1 row in set, 1 warning (0.00 sec)

mysql> \t
