db=# INSERT INTO user_profile (id, login, hash, label) VALUES ((SELECT user_profile_id_nextval('402dd91b-7a14-46ef-adf6-1707135426ee')), 'test-1', 'password-1', '402dd91b-7a14-46ef-adf6-1707135426ee');
INSERT 0 1
db=# 
db=# 
db=# INSERT INTO user_profile (id, login, hash, label) VALUES ((SELECT user_profile_id_nextval('e13cc11b-dee7-4190-8225-3c08caece235')), 'test-2', 'password-2', 'e13cc11b-dee7-4190-8225-3c08caece235');
INSERT 0 1
db=# 
db=# 
db=# SELECT * FROM user_profile;
 id | login  |    hash    | expired | locked |                label                 
----+--------+------------+---------+--------+--------------------------------------
  2 | test-1 | password-1 | f       | f      | 402dd91b-7a14-46ef-adf6-1707135426ee
  1 | test-2 | password-2 | f       | f      | e13cc11b-dee7-4190-8225-3c08caece235
(2 rows)

db=# 
db=# 
db=# SELECT * FROM user_profile_e13cc11b_dee7_4190_8225_3c08caece235;
 id | login  |    hash    | expired | locked |                label                 
----+--------+------------+---------+--------+--------------------------------------
  1 | test-2 | password-2 | f       | f      | e13cc11b-dee7-4190-8225-3c08caece235
(1 row)

db=# 
db=# 
db=# SELECT * FROM user_profile_402dd91b_7a14_46ef_adf6_1707135426ee;
 id | login  |    hash    | expired | locked |                label                 
----+--------+------------+---------+--------+--------------------------------------
  2 | test-1 | password-1 | f       | f      | 402dd91b-7a14-46ef-adf6-1707135426ee
(1 row)

db=# INSERT INTO user_profile (id, login, hash, label) VALUES ((SELECT user_profile_id_nextval('402dd91b-7a14-46ef-adf6-1707135426ee')), 'test-1', 'HACK', '402dd91b-7a14-46ef-adf6-1707135426ee');
ERROR:  login exists!
CONTEXT:  PL/pgSQL function unique_login_user() line 8 at RAISE

db=# INSERT INTO user_profile (id, login, hash, label) VALUES ((SELECT user_profile_id_nextval('e13cc11b-dee7-4190-8225-3c08caece235')), 'test-2', 'HACK', 'e13cc11b-dee7-4190-8225-3c08caece235');
ERROR:  login exists!
CONTEXT:  PL/pgSQL function public.unique_login_user() line 8 at RAISE
remote SQL command: INSERT INTO public.user_profile_e13cc11b_dee7_4190_8225_3c08caece235(id, login, hash, expired, locked, label) VALUES ($1, $2, $3, $4, $5, $6)
